Performance,2.1770637136539426,3.7794582566148986,4.552319122021851,5.063839997354842,5.343668809850552,5.428251332893669,7.0,6.943770772202726,6.996403403373901,7.0,7.0,7.0,7.0,7.0,7.0,7.0,7.0,7.0,7.0,7.0,7.0,7.0,7.0,7.0,7.0,7.0,7.0,6.1908655691031225,5.8504017253063045,7.0,4.579488578074422,7.0,7.0,7.0,7.0,7.0,7.0,7.0,7.0,7.0,7.0,7.0,7.0,7.0,7.0,7.0,7.0,7.0,7.0,7.0,7.0,7.0,7.0,7.0,7.0,7.0,7.0,7.0,7.0,7.0,7.0,7.0,7.0,7.0,7.0,7.0,7.0,7.0,7.0,7.0,7.0,7.0,7.0,7.0,7.0,7.0,7.0,7.0,7.0,7.0,7.0,7.0,7.0,7.0,7.0,7.0,7.0,7.0,7.0,7.0,7.0,7.0,7.0,7.0,7.0,7.0,7.0,7.0,7.0,7.0,7.0,7.0,7.0,7.0,7.0,7.0,7.0,7.0,7.0,7.0,7.0,7.0,7.0,7.0,7.0,7.0,7.0,7.0,7.0,7.0,7.0,7.0,7.0,7.0,7.0,7.0,7.0,7.0,7.0,7.0,7.0,7.0,7.0,7.0,7.0,7.0,7.0,7.0,7.0,7.0,7.0,7.0,7.0,7.0,7.0,7.0,7.0,7.0,7.0,7.0,7.0,6.93466474020042,7.0,7.0,7.0,7.0,7.0,7.0,7.0,7.0,7.0,7.0,7.0,7.0,7.0,7.0,7.0,7.0,7.0,7.0,7.0,7.0,7.0,7.0,7.0,7.0,7.0,7.0,7.0,7.0,7.0,7.0,7.0,7.0,7.0,7.0,7.0,7.0,7.0,7.0,7.0,7.0,7.0,7.0,7.0,7.0,7.0,7.0,7.0,7.0,7.0,7.0,7.0,7.0,7.0,7.0,7.0,7.0,7.0,7.0,7.0,7.0,7.0,7.0,7.0,7.0,7.0,7.0,7.0,7.0,7.0,7.0,7.0,7.0,7.0,7.0,7.0,7.0,7.0,7.0,7.0,7.0,7.0,7.0,7.0,7.0,7.0,7.0,7.0,7.0,7.0,7.0,7.0,7.0,7.0,7.0,7.0,7.0,7.0,7.0,7.0,7.0,7.0,7.0,7.0,7.0,7.0,7.0,7.0,7.0,7.0,7.0,7.0,7.0,7.0,7.0,7.0,7.0,7.0,7.0,7.0,7.0,7.0,7.0,7.0,7.0,7.0,7.0,7.0,7.0,7.0,7.0,7.0,7.0,7.0,9.842780986045254,9.576266855209326,8.862295166064097,9.17280373551558,9.277400960268281,10.804113186024875,11.452360522439005,11.229687070859015,13.338397334906642,12.490928141587636,14.0,14.0,12.684916204310584,14.0,14.0,14.0,14.0,14.0,14.0,14.0,7.0,14.0,14.0,13.442846129334717,13.317040405648552,14.0,14.0,14.0,14.0,14.0,14.0,14.0,14.0,14.0,14.0,14.0,14.0,14.0,14.0,12.671108534321693,13.987822756850946,14.0,13.232696210544692,14.0,14.0,14.0,14.0,12.731283850167749,7.0,7.0,13.176910368389493,14.0,14.0,14.0,14.0,14.0,14.0,12.043658850265823,14.0,13.697898303677652,14.0,11.853879606485153,14.0,14.0,14.0,13.571567798301999,14.0,14.0,7.0,14.0,14.0,14.0,11.738140008296693,11.963270985789276,14.0,14.0,14.0,14.0,14.0,14.0,14.0,11.737707382151061,14.0,14.0,14.0,14.0,14.0,11.239528838629399,8.885854858826754,14.0,14.0,14.0,14.0,14.0,14.0,14.0,14.0,14.0,7.0,7.0,7.0,14.0,14.0,14.0,14.0,14.0,8.79554844409121,8.772110452914148,14.0,14.0,14.0,14.0,14.0,14.0,13.084447972060369,14.0,14.0,14.0,14.0,14.0,14.0,14.0,14.0,14.0,14.0,14.0,14.0,14.0,14.0,14.0,14.0,14.0,14.0,14.0,14.0,14.0,14.0,14.0,14.0,14.0,14.0,14.0,14.0,14.0,14.0,14.0,14.0,14.0,14.0,14.0,14.0,14.0,14.0,14.0,14.0,14.0,14.0,14.0,14.0,14.0,14.0,14.0,14.0,14.0,14.0,14.0,14.0,14.0,14.0,14.0,10.982642373592496,14.0,14.0,14.0,14.0,14.0,14.0,14.0,14.0,14.0,14.0,14.0,14.0,14.0,14.0,14.0,14.0,14.0,14.0,14.0,14.0,14.0,14.0,14.0,14.0,14.0,14.0,14.0,14.0,14.0,14.0,14.0,14.0,14.0,14.0,14.0,14.0,14.0,14.0,14.0,14.0,14.0,14.0,14.0,14.0
Performance,12.0,12.0,13.050712712459815,13.173898652719288,13.301418363489978,13.34728135375026,13.396186047712456,13.419827583005462,13.452914341034086,13.46337488424086,13.519647982824608,13.579702840079474,13.597860849638808,13.66542386217462,13.74375961096514,13.879746716116745,13.993871304097565,14.101324013515677,14.161799251860947,14.214371708570958,14.294084696861017,14.472640712586566,14.63095006280087,14.62959261803523,14.77098726366664,15.095498105144948,15.33518755417297,15.36960384521375,15.365756891615357,15.521923835872673,16.0,16.0,16.0,16.0,16.0,16.0,16.0,16.0,16.0,16.0,16.0,16.0,16.0,16.0,16.0,16.0,16.0,16.0,16.0,16.0,16.0,15.527819059166726,16.0,16.0,16.0,16.0,16.0,16.0,16.0,16.0,16.0,16.0,16.0,16.0,16.0,15.30829790482817,16.0,16.0,16.0,16.0,16.0,16.0,16.0,16.0,16.0,16.0,16.0,16.0,16.0,16.0,16.0,16.0,16.0,16.0,16.0,16.0,16.0,16.0,16.0,16.0,16.0,16.0,16.0,16.0,16.0,16.0,16.0,16.0,16.0,16.0,16.0,16.0,16.0,16.0,16.0,16.0,16.0,16.0,16.0,16.0,16.0,16.0,16.0,16.0,16.0,16.0,16.0,16.0,16.0,16.0,16.0,16.0,16.0,16.0,16.0,16.0,16.0,16.0,16.0,16.0,16.0,16.0,16.0,16.0,16.0,16.0,16.0,16.0,16.0,16.0,16.0,16.0,16.0,16.0,16.0,16.0,16.0,16.0,16.0,16.0,16.0,16.0,16.0,16.0,16.0,16.0,16.0,16.0,16.0,16.0,16.0,16.0,16.0,16.0,16.0,16.0,16.0,16.0,16.0,16.0,16.0,16.0,16.0,16.0,16.0,16.0,16.0,16.0,16.0,16.0,16.0,16.0,16.0,16.0,16.0,16.0,16.0,16.0,16.0,16.0,16.0,16.0,16.0,16.0,16.0,16.0,16.0,16.0,16.0,16.0,16.0,16.0,16.0,16.0,16.0,16.0,16.0,16.0,16.0,16.0,16.0,16.0,16.0,16.0,16.0,16.0,16.0,16.0,16.0,16.0,16.0,16.0,16.0,16.0,16.0,16.0,16.0,16.0,16.0,16.0,16.0,16.0,16.0,16.0,16.0,16.0,16.0,16.0,16.0,16.0,16.0,16.0,16.0,16.0,16.0,16.0,16.0,16.0,16.0,16.0,16.0,16.0,16.0,16.0,16.0,16.0,16.0,16.0,16.0,16.0,16.0,16.0,16.0,16.0,16.0,16.0,16.0,16.0,16.0,16.0,16.0,16.0,16.0,16.0,16.0,16.0,16.0,16.0,16.0,16.0,16.0,16.0,16.0,16.0,16.0,16.0,16.0,16.0,16.0,16.0,16.0,16.0,16.0,16.0,16.0,16.0,16.0,16.0,16.0,16.0,16.0,16.0,16.0,16.0,16.0,16.0,16.0,16.0,16.0,16.0,16.0,16.0,16.0,16.0,16.0,16.0,16.0,16.0,16.0,16.0,16.0,16.0,16.0,16.0,16.0,16.0,16.0,16.0,16.0,16.0,16.0,16.0,16.0,16.0,16.0,16.0,16.0,16.0,16.0,16.0,16.0,16.0,16.0,16.0,16.0,16.0,16.0,16.0,16.0,16.0,16.0,16.0,16.0,16.0,16.0,16.0,16.0,16.0,16.0,16.0,16.0,16.0,16.0,16.0,16.0,16.0,16.0,16.0,16.0,16.0,16.0,16.0,16.0,16.0,16.0,16.0,16.0,16.0,16.0,16.0,16.0,16.0,16.0,16.0,16.0,16.0,16.0,16.0,16.0,16.0,16.0,16.0,16.0,16.0,16.0,16.0,16.0,16.0,16.0,16.0,16.0,16.0,16.0,16.0,16.0,16.0,16.0,16.0,16.0,16.0,16.0,16.0,16.0,16.0,16.0,16.0,16.0,16.0,16.0,16.0,16.0,16.0,16.0,16.0,16.0,16.0,16.0,16.0,16.0,16.0,16.0,16.0,16.0,16.0,16.0,16.0,16.0,16.0,16.0,16.0,16.0,16.0,16.0,16.0,16.0,16.0,16.0,16.0,16.0,16.0,16.0,16.0,16.0,16.0,16.0,16.309518013631564,16.309518013631564,16.309518013631564,16.0,16.07347690054799,16.07347690054799,16.26150779691003,16.25517117517505,16.25418145342026,16.286758562935105,16.0,16.0,16.0,16.0,16.0,16.26559176405611,16.31861744276389,16.31861744276389,16.277660330717424,16.271506197248623,16.0,16.375874537885096,16.351455005020096,16.34999714028688,16.341792321852758,16.39946871504693,16.406463007560923,16.43379532134905,16.398090341995413,16.31730956654951,16.373338889871626,16.349536586158187,16.442656236117237,16.356604327405982,16.345013976147502,16.38800784738897,16.32796962340319,16.382625275189945,16.35728051733767,16.354268586413863,16.313651112625337,16.349786332046026,16.48381066033162,16.291577170646868,16.37746851146916
Performance,3.7185150667786138,3.708843060608107,3.9477597996652984,5.280107347475248,5.304356316889309,6.554836490375164,7.0,7.0,7.0,7.0,7.0,7.0,7.0,7.0,7.0,7.0,7.0,7.0,7.0,7.0,7.0,7.0,7.0,7.0,7.0,7.0,7.0,7.0,7.0,7.0,7.0,7.0,7.0,7.0,7.0,7.0,7.0,7.0,7.0,7.0,7.0,7.0,7.0,7.0,7.0,7.0,7.0,7.0,7.0,7.0,7.0,7.0,7.0,7.0,7.0,7.0,7.0,7.0,7.0,7.0,7.0,7.0,7.0,7.0,7.0,7.0,7.0,7.0,7.0,7.0,7.0,7.0,7.0,7.0,7.0,7.0,7.0,7.0,7.0,7.0,10.311288955847687,10.714605395412171,10.240129751302785,10.821513859415846,10.570938957522152,10.629963767155918,14.745389023918657,15.867627348723342,16.23330243870943,16.339977565938206,16.37827476982814,17.354434192156134,14.689226858085302,15.355442327166934,7.0,18.0,18.0,17.617574213215185,18.0,18.0,18.0,14.8128696601912,17.83893151704863,18.0,7.0,7.0,12.02296081366924,18.0,18.0,16.015314867355286,18.0,18.0,18.0,18.0,18.0,18.0,18.0,18.0,18.0,17.866108877111447,18.0,16.075689498928938,18.0,18.0,18.0,18.0,18.0,16.450010108217718,18.0,18.0,18.0,18.0,18.0,18.0,18.0,18.0,18.0,18.0,18.0,18.0,17.099464377553645,17.56629616636439,18.0,18.0,18.0,18.0,18.0,18.0,18.0,18.0,18.0,16.828256344479158,18.0,16.465625752293715,18.0,18.0,18.0,18.0,18.0,18.0,18.0,18.0,15.611344883278786,18.0,18.0,18.0,9.995198854562037,18.0,18.0,7.0,18.0,15.231652703671237,18.0,18.0,16.621906475355267,10.042747295263169,18.0,18.0,18.0,12.909073500428887,9.8667685808211,9.959178887204041,18.0,18.0,9.785834338055647,7.0,18.0,18.0,10.04944800677671,10.035653734139256,18.0,18.0,18.0,18.0,18.0,18.0,18.0,18.0,18.0,18.0,10.032189976992367,18.0,18.0,18.0,15.175408225097518,7.0,16.12238545718394,18.0,18.0,18.0,18.0,18.0,18.0,18.0,18.0,17.121301226810964,18.0,18.0,18.0,18.0,18.0,18.0,9.88142167589303,9.887126232465585,9.889481928937009,9.990057286641424,15.83676779012378,15.861081637127764,18.0,9.771557075665513,9.771557075665513,18.0,18.0,18.0,18.0,18.0,18.0,18.0,18.0,18.0,18.0,18.0,18.0,18.0,18.0,18.0,18.0,18.0,18.0,18.0,9.88942581714512,18.0,10.009428526671032,18.0,18.0,18.0,18.0,18.0,18.0,18.0,18.0,18.0,10.367528953638024,18.0,18.0,18.0,18.0,18.0,18.0,18.0,18.0,18.0,18.0,18.0,18.0,18.0,18.0,18.0,18.0,18.0,18.0,18.0,18.0,18.0,18.0,18.0,18.0,18.0,18.0,18.0,18.0,18.0,18.0,18.0,18.0,18.0,18.0,18.0,18.0,18.0,18.0,18.0,18.0,18.0,18.0,18.0,18.0,18.0,18.0,18.0,18.0,18.0,18.0,18.0,18.0,18.0,18.0,18.0,18.0,18.0,18.0,18.0,18.0,18.0,18.0,18.0,18.0,18.0,18.0,18.0,18.0,18.0,18.0,18.0,18.0,18.0,18.0,18.0,18.0,18.0,18.0,18.0,18.0,18.0,18.0,18.0,18.0,18.0,18.0,18.0,18.0,18.0,18.0,10.653096434652682,10.648390612582228,10.648390612582228,10.648390612582228,18.0,18.0,18.0,18.0,18.0,18.0,18.0,18.0,18.0,18.0,18.0,18.0,18.0,18.0,18.0,18.0,18.0,10.710250045745529,18.0,18.0,18.0,18.0,18.0,18.0,18.0,18.0,18.0,18.0,18.0,18.0,18.0,18.0,18.0,18.0,18.0,18.0,18.0,18.0,18.0,18.0,18.0,18.0,18.0,18.0,18.0,18.0,18.0,18.0,18.0,18.0,18.0,18.0,18.0,18.0,18.0,18.0,18.0,18.0,18.0,18.0,18.0,18.0,18.0,18.0,18.0,18.0,18.0,18.0,18.0,18.0,18.0,18.0,18.0,18.0,18.0,18.0,18.0,18.0,18.0,18.0,18.0,18.0,18.0,18.0,18.0,18.0,18.0,18.0,18.0,18.0,18.0,18.0,18.0,18.0,18.0,18.0,18.0,18.0,18.0,18.0,18.0,18.0,18.0,18.0,18.0,18.0,18.0,18.0,18.0,18.0,18.0,18.0,18.0,18.0,18.0,18.0,18.0,18.0,18.0,18.0,18.0,18.0,18.0,18.0,18.0,18.0,18.0,18.0,18.0,18.0,18.0,18.0,18.0,18.0,18.0,18.0,18.0,18.0,18.0,18.0,18.0,18.0,18.0
Performance,7.866005034016368,8.535054814964875,8.974984674542661,9.133843089604373,9.094621884910127,9.253897084987676,9.218466000251262,9.26574302708837,9.335362593213265,9.318755617316128,9.44839803299906,10.015095267541186,10.013442744244536,10.014920696072444,13.0,13.0,13.0,11.928846536795664,13.0,13.0,13.0,13.0,13.0,13.0,12.216442899771177,13.0,13.0,13.0,13.0,13.0,13.0,13.0,13.0,13.0,13.0,13.0,13.0,13.0,13.0,13.0,13.0,13.0,13.0,13.0,13.0,13.0,13.0,13.0,13.0,13.0,13.0,13.0,13.0,13.0,8.678551407759455,13.0,13.0,13.0,13.0,13.0,13.0,13.0,13.0,13.0,13.0,13.0,13.0,13.0,13.0,13.0,13.0,13.0,13.0,13.0,8.823784715203786,13.0,13.0,13.0,13.0,13.0,13.0,13.0,13.0,13.0,13.0,13.0,13.0,13.0,13.0,13.0,13.0,13.0,13.0,13.0,13.0,13.0,13.0,13.0,13.0,13.0,13.0,13.0,13.0,13.0,13.0,13.0,13.0,13.0,13.0,13.0,13.0,13.0,13.0,13.0,13.0,13.0,13.0,13.0,13.0,13.0,13.0,13.0,13.0,13.0,13.0,13.0,13.0,13.0,13.0,12.8120643781996,13.0,13.0,13.0,13.0,13.0,13.0,13.0,13.0,13.0,13.0,13.0,13.0,13.0,13.0,13.0,13.0,13.0,13.0,13.0,13.0,13.0,13.0,13.0,13.0,13.0,13.0,13.0,13.0,13.0,13.0,13.0,13.0,13.0,13.0,13.0,13.0,13.0,13.0,13.0,13.0,13.0,13.0,13.0,13.0,13.0,13.0,13.0,13.0,13.0,13.0,13.0,13.0,13.0,13.0,13.0,13.0,13.0,13.0,13.0,13.0,13.0,13.0,13.0,13.0,13.0,13.0,13.0,13.0,13.0,13.0,13.0,13.0,13.0,13.0,13.0,13.0,13.0,13.0,13.0,13.0,13.0,13.0,13.0,13.0,13.0,13.0,13.0,13.0,13.0,13.0,13.0,13.0,13.0,13.0,13.0,13.0,13.0,13.0,13.0,13.0,13.0,13.0,13.0,13.0,13.0,13.0,13.0,13.0,13.0,13.0,13.0,13.0,13.0,13.0,13.0,13.0,13.0,13.0,13.0,13.0,13.0,13.0,13.0,13.0,13.0,13.0,13.0,13.0,13.0,13.0,13.0,13.0,13.0,13.0,13.0,13.0,13.0,13.0,13.0,13.0,13.0,13.0,13.0,13.0,13.0,13.0,13.0,13.0,13.0,13.0,13.0,13.0,13.0,13.0,13.0,13.0,12.808836508779693,12.808836508779693,13.0,13.0,13.0,13.0,13.0,13.0,13.0,13.0,13.0,13.0,13.0,13.0,13.0,13.0,13.0,13.0,13.0,13.0,13.0,13.0,13.0,13.0,13.0,13.0,13.0,13.0,13.0,13.0,13.0,13.0,13.0,13.0,13.0,13.0,13.0,13.0,13.0,13.0,13.0,13.0,13.0,13.0,13.0,13.0,13.0,13.0,13.0,13.0,13.0,13.0,13.0,13.0,13.0,13.0,13.0,13.0,13.0,13.0,13.0,13.0,13.0,13.0,13.0,13.0,13.0,13.0,13.0,13.0,13.0,13.0,13.0,13.0,13.0,13.0,13.0,13.0,13.0,13.0,13.0,13.0,14.905295619571161,15.728409124469493,17.0,17.0,17.0,17.0,17.0,17.0,17.0,17.0,17.0,17.0,17.0,17.0,17.0,17.0,17.0,16.70512408454208,17.0,17.0,17.0,17.0,17.0,17.0,17.0,17.0,17.0,17.0,17.0,17.0,16.407583360201105,17.0,17.0,17.0,17.0,17.0,17.0,17.0,17.0,17.0,17.0,17.0,17.0,17.0,17.0,17.0,17.0,17.0,17.0,17.0,17.0,17.0,17.0,17.0,17.0,17.0,17.0,17.0,17.0,17.0,17.0,17.0,17.0,17.0,17.0,17.0,17.0,17.0,17.0,17.0,17.0,17.0,17.0,17.0,17.0,17.0,17.0,17.0,17.0,17.0,17.0,17.0,17.0,17.0,17.0,17.0,17.0,17.0,17.0,17.0,17.0,17.0,17.0,17.0,17.0,17.0,17.0,17.0,17.0,17.0,17.0,17.0,17.0,17.0,17.0,17.0,17.0,17.0,17.0,17.0,17.0,17.0,17.0,17.0,17.0,17.0,17.0,17.0,17.0,17.0,17.0,17.0,17.0,17.0,17.0,17.0,17.0,17.0,17.0,17.0,17.0,17.0
Performance,11.510770394124314,11.622000608559263,11.895748877020948,12.0,12.0,11.946941828876492,11.98350448762189,12.0,12.0,12.0,12.0,12.0,12.0,12.0,12.0,12.0,12.0,12.0,12.0,12.0,12.0,12.0,12.0,12.0,12.0,12.0,12.0,12.0,12.0,12.0,12.0,12.0,12.0,12.0,12.0,12.0,12.0,12.0,12.0,12.0,12.0,12.0,12.0,12.0,12.0,12.0,12.0,12.0,12.0,12.0,12.0,12.0,12.0,12.0,12.0,12.0,12.0,12.0,12.0,12.0,12.0,12.0,12.0,12.0,12.0,12.0,12.0,12.0,12.0,12.0,12.0,12.0,12.0,12.0,12.0,12.0,12.0,12.0,12.0,12.0,12.0,12.0,12.0,12.0,12.0,12.0,12.0,12.0,12.0,12.0,12.0,12.0,12.0,12.0,12.0,12.0,12.0,12.0,12.0,12.0,12.0,12.0,12.0,12.0,12.0,12.0,12.0,12.0,12.0,12.0,12.0,12.0,12.0,12.0,12.0,12.0,12.0,12.0,12.0,13.533978850985104,13.510149519848547,13.542124807035828,13.602587583821398,13.705495505300457,13.705269341919761,13.79648478587543,13.851455107900673,13.920517456182942,14.008544749606067,14.067311541550572,14.116881155540295,14.200314353007396,14.246838535713866,14.419064786785373,14.50109670174226,14.65623696474176,14.655939629220297,14.814000066613191,14.84524410159257,14.910595238745898,15.047729678860323,15.037454619533378,15.356234974776154,15.385005196930798,15.42635827730697,15.530305471052008,15.725457055479861,15.815044249212207,15.81648725393141,15.981938109900131,15.973337718634202,15.997806148694867,16.023052027180984,16.07359644866646,16.28356129671439,16.32049540275587,16.320546229922368,16.481379352113258,16.480909871707837,16.593798527044008,17.885326556238553,18.0,18.0,18.0,18.0,18.0,18.0,18.0,18.0,18.0,17.979564335602713,17.984106833897048,18.0,17.83409751920978,18.0,18.0,18.0,18.0,18.0,18.0,18.0,18.0,18.0,18.0,18.0,18.0,18.0,18.0,18.0,18.0,18.0,18.0,18.0,18.0,18.0,18.0,18.0,18.0,18.0,18.0,18.0,18.0,18.0,18.0,18.0,18.0,18.0,18.0,18.0,18.0,18.0,18.0,18.0,18.0,18.0,18.0,18.0,18.0,18.0,18.0,18.0,18.0,18.0,18.0,18.0,18.0,18.0,18.0,18.0,18.0,18.0,18.0,18.0,18.0,18.0,18.0,18.0,18.0,18.0,18.0,18.0,18.0,18.0,18.0,18.0,18.0,18.0,18.0,18.0,18.0,18.0,18.0,18.0,18.0,18.0,18.0,18.0,18.0,18.0,18.0,18.0,18.0,18.0,18.0,18.0,18.0,18.0,18.0,18.0,18.0,18.0,18.0,18.0,18.0,18.0,18.0,18.0,18.0,18.0,18.0,18.0,18.0,18.0,18.0,18.0,18.0,18.0,18.0,18.0,18.0,18.0,18.0,18.0,18.0,18.0,18.0,18.0,18.0,18.0,18.0,18.0,18.0,18.0,18.0,18.0,18.0,18.0,18.0,18.0,18.0,18.0,18.0,18.0,18.0,18.0,18.0,18.0,18.0,18.0,18.0,18.0,18.0,18.0,18.0,18.0,18.0,18.0,18.0,18.0,18.0,18.0,18.0,18.0,18.0,18.0,18.0,18.0,18.0,18.0,18.0,18.0,18.0,18.0,18.0,18.0,18.0,18.0,18.0,18.0,18.0,18.0,18.0,18.0,18.0,18.0,18.0,18.0,18.0,18.0,18.0,18.0,18.0,18.0,18.0,18.0,18.0,18.0,18.0,18.0,18.0,18.0,18.0,18.0,18.0,18.0,18.0,18.0,18.0,18.0,18.0,18.0,18.0,18.0,18.0,18.0,18.0,18.0,18.0,18.0,18.0,18.0,18.0,18.0,18.0,18.0,18.0,18.0,18.0,18.0,18.0,18.0,18.0,18.0,18.0,18.0,18.0,18.0,18.0,18.0,18.0,18.0,18.0,18.0,18.0,18.0,18.0,18.0,18.0,18.0,18.0,18.0,18.0,18.0,18.0,18.0,18.0,18.0,18.0,18.0,18.0,18.0,18.0,18.0,18.0,18.0,18.0,18.0,18.0,18.0,18.0,18.0,18.0,18.0,18.0,18.0,18.0,18.0,18.0,18.0,18.0,18.0,18.0,18.0,18.0,18.0,18.0,18.0,18.0,18.0,18.0,18.0,18.0,18.0,18.0,18.0,18.0,18.0,18.0,18.0,18.0,18.0,18.0,18.0,18.0,18.0,18.0,18.0,18.0,18.0,18.0,18.0,18.0,18.0,18.0,18.0,18.0,18.0,18.0,18.0,18.0,18.0,18.0,18.0,18.0,18.0,18.0,18.0,18.0,18.0,18.0
Performance,9.90449594800773,10.480876253862387,10.768826626498583,10.76925690572293,10.805477522481954,10.869391721022675,11.050540363815088,11.070684861002654,11.103091174024058,11.103557208283975,11.106579578197255,11.17546281323935,11.17543722708761,11.176024869798166,11.367056142180576,11.369906237205644,11.46423561335298,11.481522984577587,11.573002769309834,11.666261297112039,11.667476649745787,11.659960923255493,11.668203065143869,11.725371080171497,11.72859021508679,11.781973719415276,11.79326845929899,11.88309412124115,11.89495792471088,11.932402093765809,11.94457470530594,11.92644423109683,12.038203042333524,12.096140410550058,12.094072905228261,12.08959793961738,12.119459292022318,12.133836699730045,12.170546434296103,12.171647821541567,12.175131471705296,12.18700269632718,12.204163521348733,12.205757966348598,12.204702631446356,12.304402668602663,12.299529117689374,12.302164073088932,12.362808919833313,12.222883236700621,12.347499799378614,12.38956407214468,12.917310469452294,13.61928566501572,15.668032716832512,16.184912275486596,16.593056086892087,15.572617628772974,15.952883249251752,16.436382026386617,16.772679891497496,16.60822518203771,16.903555495314247,16.895856633375256,16.9651214410689,17.012848177599718,16.543432345560745,17.160492158925074,16.73280606241326,16.67031452257006,16.772680407481527,16.709235916229122,16.493893342724594,16.384164243269595,16.634067441443584,16.931488270923452,17.257315994377137,17.530248017629194,17.347008136059394,17.55209266493252,17.286350077079586,17.627689038410495,17.162210911428495,17.32356511168303,17.57078606143903,17.526566468407733,17.43198282626756,17.992374752263625,18.119139362338395,17.759863123530494,17.916995582123466,19.3943727599315,19.231577353591895,19.126435876567335,18.262063432025002,18.15204273653659,17.922760108893566,18.2210950319932,18.079963746659097,18.1140725640635,17.84074111044837,18.167071941319556,18.284434062978626,18.616992069080247,18.436621248432406,18.663900046211406,19.821936523662863,19.984966373245765,18.261444122202278,19.573737521416042,18.518312731510058,19.318763029915917,20.126980177876867,21.604758731001706,21.675615990573966,22.179147736848407,22.490016550663523,21.65652096434748,23.505941514984993,23.442942173411122,23.779778728361396,22.64280273710613,22.371267869627342,22.95767265299385,22.964650883760964,22.967363186576414,22.79292285347981,22.544164570522604,22.66921663555753,21.68002729231961,21.38668571133707,21.16234085547734,22.306376944976236,22.329728414665833,23.048231886737852,23.399244952595144,23.426398523679616,23.391849099007647,24.1729212902099,24.18308557017054,23.822772711076087,22.506751907729335,22.527173777173644,24.458955439210357,24.11407774584736,24.103445543575603,24.16883749330995,23.566324705651965,23.84927859535364,23.88417712560656,23.857288564615995,23.936878373456675,23.979857980100107,23.940916818947372,23.80131215666824,23.287847340994226,24.04366680332931,24.06327631182535,24.021833693856024,23.206815137860772,23.43122628519231,22.83786423635601,22.676688165016884,22.683853265493713,22.645263598663398,22.067900039381133,22.475909776636303,22.49831692346306,21.780643350621002,22.556063551168734,22.59836869409819,22.59680381194043,22.57125532251716,22.57490237656436,22.56105383134664,22.552713797349824,22.514269489357968,22.5536422240882,21.476746996197996,21.787592073123854,21.829215417615025,21.783061884726486,21.1538923249638,21.21239014106571,21.60379204279093,21.584034248538053,22.177432235701353,21.923031043444425,22.579511357113645,22.009598280934235,23.181319166961437,20.791123023520036,22.379601818251732,22.880828395205942,22.835125544075392,22.929890724948102,22.417829088788224,22.619499184834893,23.622833160322095,23.270126106487332,23.41441641023526,23.38543721867353,23.761879433706213,23.706908521680152,22.370839396015946,22.5096367417435,22.247569154797226,22.80461786904408,23.280051980481733,21.53397588558851,21.5559733305256,22.330568292040798,22.871229776421806,21.824930545713634,21.095049372171307,21.104589929394376,24.91078420507146,22.992524442032654,23.207620322483102,22.522981595589133,23.088111765948454,22.341995106250753,22.125863987194606,22.711073066723166,22.62259156539435,24.996005197967943,21.680641177816742,21.14619059160986,22.49958509540464,22.446979091794002,21.252718342337786,22.40114995925088,22.62251223329766,22.60726498384973,22.620611383430163,21.241013322469108,24.52579058096846,23.872348755545993,24.087873878758835,24.26845040455464,24.81959558989587,24.91082932530407,24.868301343691726,24.86411187388972,22.37510438884499,23.67857810346209,24.456941186021474,24.480592617095287,24.08723218865134,21.73286559869547,23.80465931089431,22.96390251325421,23.56917704261149,23.045697079085876,23.48319796447305,23.4973411793345,21.374817317489963,23.649361198946373,23.73102939992779,23.9375753961262,23.67300449220777,23.909435661915218,23.642945944564403,23.658011809836275,23.79002881489113,23.745681165129124,23.764293147802764,23.64576519241526,23.340990062124217,21.745168692000796,21.44184380316526,21.591600871544287,21.575900914550676,21.871374506777546,22.02571961874304,23.139199010856785,23.426660599558456,23.48667922579546,23.422891062607835,23.234283779470232,23.369813456101717,23.373595405169365,23.36574163465678,23.230391492622207,23.24731562928556,23.46172296854449,23.452294391086973,23.59964690308501,23.603017441139812,23.5799305196615,22.55126384350957,22.264548594512956,22.71347117761337,22.64607373260295,23.17960710765127,23.175972261794893,23.068978243180748,24.222663595799954,22.22071608455788,22.898963914988784,22.555772093147517,22.96358795864391,23.62248975699291,23.114923867856774,22.929614132319408,22.894187060506177,22.89120193334269,22.965654068490903,23.161092094393503,23.154909223220145,23.187518915163622,23.162485883370792,23.03280961077502,23.32711124712643,23.329638375287256,23.443130217411664,23.469776767800898,23.46789178615416,23.556901639060694,23.615994666889936,23.633716024422462,23.582200876788043,24.104404282112462,23.99279016991766,23.4061501204831,23.428472483513954,23.178663658658053,23.116971227597286,23.036489360055423,23.073470766861277,23.316412541184015,23.484385219562615,23.740376861328908,23.812814079474155,23.700702850675494,22.593359505580686,23.06564128603589,23.07256762259354,23.05839550148102,23.124688266913303,23.213620209939304,23.245114433262174,23.013570648804144,22.994842359988063,22.656934058391997,22.64269554813931,22.734220961665244,23.850317300925735,23.91110233014528,23.8456459675286,23.86476987548641,23.627688767744818,23.238182043073543,23.59622801516454,23.242138027268446,23.260352018310016,23.35846143308563,23.415102684266866,23.412626681361708,23.420249255284357,23.410508139726225,23.411452198063813,23.413503091399676,23.609559852032906,23.92579475816242,23.929785596414607,23.652115415090687,23.327953993633095,23.939408168756742,23.9525289247677,23.97091908639822,23.91704487991103,24.293915097388172,24.314028134279482,24.335724735705035,22.73544120522388,22.550101328650683,22.556029546178827,22.665272759972435,22.688206835751778,22.71759648638039,22.72450532046588,22.726392643189456,22.984954340102504,23.004584085443643,22.984715766666035,23.0445400435806,23.459199630698624,23.698521805364003,24.402904383246483,23.359560563933627,23.31102340053369,23.292857443984968,23.305307654047787,23.2776609465168,23.557814123473428,23.55831288888419,23.549629007915208,23.495890919416194,23.821696698954014,22.864190138241725,23.388267811170117,23.445792937921425,23.502658623313,23.529074486692853,23.486717637237412,23.46347002679021,23.53166984066251,23.491444663086774,23.279436763238618,23.458145279639687,23.769093779326948,24.066432173890178,23.96918490375802,23.966781258744998,23.94218430205659,23.948563617011036,23.939774593238827,23.978156361829157,23.957513877407777,24.152720376578802,24.606363734988733,24.000619857792024,23.050549309460983,23.110274584450472,23.131281780877153,23.553058697200804,23.57083462594268,23.701022183599257,23.694108877845387,23.732310286823953,23.753204061762375,23.76911292196006,23.716131834833977,23.714543169698295,23.664791980653902,23.603490779503197,23.64910823618076,23.60583910643828,23.666672866229224,23.729847652328484,23.890175225589186,23.925126395505284,23.912444759982712,24.048597860797933,23.99520649750597,23.962724329626493,23.897863245011173,23.97900331669361,23.8759259617445,23.823543370059184,23.805885262583054,23.874389296190344,23.884032367938577,23.858667605245525,23.832063737036215,23.9122375926246,23.905994328531502,24.02719633557176,24.060526579446403,24.095704470203096,24.098342214654956,24.07143818752734,24.014824022191632,24.075189211303858,24.0303721250665,23.970591655691848,23.93320780867248,23.888857156066727,23.894306491876158,23.970035793504373,23.860587408425527,23.965547152581507,23.963588628172435,23.84179192735005,24.048010890260045,24.573089481860638,24.13169399273054,24.132667042984167,24.149936026387792,24.223712787560885,23.721268191706034,23.821632688677568,23.78847521543998,23.755381610245966,23.81231060434974,24.119144899331967,23.6694177042803,23.296008884406746,23.90894905318286,24.046957827342247,24.060204521142914,24.001827400582307,24.028369490690014,23.919199028544007,24.13405684907848,24.185351330809063,24.256010680217457,24.08422730364655,24.32352126668696
Performance,4.134740467323768,4.264833896736093,4.293332265414168,4.234886366188311,4.304667415812043,4.5188434700914355,5.048474623956042,5.078334072122845,5.079025657608911,5.346695389789182,5.50027373871105,5.857071111068,5.7753128228896795,5.806127928585808,5.842958368483238,5.8470956422683775,5.924100886306644,5.955176267044526,5.948173242793961,5.907939958674725,5.920117204154718,6.152959719535092,6.219124024267899,6.218803095914393,6.305155934495395,6.335308428165995,6.526736866011768,6.532173932482687,6.53124875588936,6.870211216160067,6.903048338363006,6.773486600118341,6.781179810609941,6.83393256493396,6.789655313124454,6.820906486899283,6.823383851416764,6.978993770887599,12.0,12.0,7.049468543187048,7.09920258978832,7.370350158033443,7.413971043867305,7.422753050236562,7.386928676792002,6.917577879601011,7.284627587242329,7.5496031735992455,12.0
Performance,7.028596042878592,7.101238959031196,7.16708725907394,7.271136315176381,7.368078813589272,7.505246960412568,7.585423053909917,7.703807996743217,7.833621957673458,8.954102288012386,9.286775615107885,9.289985216038561,9.739010136562435,12.0,12.0,12.0,12.0,12.0,12.0,12.0,12.0,12.0,12.0,12.0,12.0,12.0,12.0,12.0,10.037146349542187,12.0,10.632414215944294,8.824201442509231,9.03562906855395,12.0,12.0,12.0,12.0,12.0,12.0,12.0,12.0,12.0,12.0,12.0,12.0,12.0,12.0,12.0,12.0,12.0,12.0,12.0,12.0,12.0,12.0,12.0,12.0,12.0,12.0,12.0,12.0,12.0,12.0,12.0,12.0,12.0,12.0,12.0,12.0,12.0,12.0,12.0,12.0,12.0,12.0,12.0,12.0,12.0,12.0,9.933956088958036,12.0,12.0,12.0,12.0,12.0,12.0,12.0,12.0,12.0,12.0,12.0,12.0,12.0,12.0,12.0,12.0,12.0,12.0,12.0,12.0,12.0,12.0,12.0,12.0,12.0,12.0,12.0,12.0,12.0,12.0,12.0,12.0,12.0,12.0,12.0,12.0,12.0,12.0,12.0,12.0,12.0,12.0,12.0,12.0,12.0,12.0,12.0,12.0,12.0,12.0,12.0,12.0,12.0,12.0,12.0,12.0,12.0,12.0,12.0,12.0,12.0,12.0,12.0,12.0,12.0,12.0,12.0,12.0,12.0,12.0,12.0,12.0,12.0,12.0,12.0,12.0,12.0,12.0,12.0,12.0,12.0,12.0,12.0,12.0,12.0,12.0,12.0,12.0,12.0,12.0,12.0,12.0,12.0,12.0,12.0,12.0,12.0,12.0,12.0,12.0,12.0,12.0,12.0,12.0,12.0,12.0,12.0,12.0,12.0,12.0,12.0,11.720110592976614,12.0,12.0,12.0,12.0,12.0,12.0,12.0,12.0,12.0,12.0,12.0,12.0,12.0,12.0,12.0,12.0,12.0,12.0,12.0,12.0,12.0,12.0,12.0,12.0,12.0,12.0,12.0,12.0,12.0,12.0,12.0,12.0,12.0,10.152360848007714,12.0,10.37063243577749,12.0,12.0,12.0,12.0,12.0,12.0,12.0,12.0,12.0,12.0,12.0,12.0,12.0,12.0,12.0,12.0,12.0,12.0,12.0,12.0,12.0,12.0,11.867938114289348,12.0,12.0,12.0,12.0,12.0,12.0,12.0,12.0,12.0,12.0,12.0,12.0,12.0,12.0,12.0,12.0,12.0,12.0,12.0,12.0,12.0,12.0,12.0,12.0,12.0,12.0,11.711758517339652,12.0,12.0,12.0,12.0,12.0,12.0,12.0,12.0,12.0,12.0,12.0,7.425281101111656,12.0,12.0,12.0,12.0,12.0,12.0,12.0,12.0,12.0,12.0,12.0,12.0,12.0,12.0,12.0,12.0,12.0,12.0,12.0,12.0,12.0,12.0,12.0,12.0,12.0,12.0,12.0,12.0,12.0,12.0,12.0,12.0,12.0,12.0,12.0,12.0,12.0,12.0,12.0,12.0,12.0,12.0,12.0,12.0,12.0,12.0,12.0,12.0,12.0,12.0,12.0,12.0,12.0,12.0,12.0,12.0,12.0,12.0,9.038554730002142,12.0,12.0,12.0,12.0,12.0,12.0,12.0,12.0,12.0,12.0,12.0,12.0,12.0,12.0,12.0,12.0,12.0,12.0,12.0,12.0,12.0,12.0,12.0,12.0,12.0,12.0,7.041052371682653,12.0,12.0,12.0,12.0,12.0,12.0,12.0,12.0,12.0,12.0,12.0,12.0,12.0,12.0,12.0,12.0,12.0,12.0,12.0,12.0,12.0,12.0,12.0,12.0,12.0,12.0,12.0,12.0,12.0,12.0,12.0,12.0,12.0,12.0,12.0,12.0,12.0,12.0,12.0,12.0,12.0,12.0,12.0,12.0,12.0,12.0,12.0,12.0,12.0,12.0,12.0,12.0,12.0,12.0,12.0,12.0,12.0,12.0,12.0,12.0,9.863240662082603,12.0,12.0,12.0,12.0,12.0,12.0,12.0,12.0,12.0,12.0,12.0,12.0,12.0,12.0,12.0,12.0,12.0,12.0,12.0,12.0,12.0,12.0,12.0,12.0,12.0,12.0,12.0,12.0,12.0,12.0,12.0,12.0,12.0,12.0,12.0,12.0,12.0,12.0,12.0,12.0,12.0,12.0,12.0,12.0,12.0,12.0,12.0,12.0,12.0,12.0,12.0,12.0,12.0,12.0,12.0,12.0,12.0,12.0,12.0,12.0,12.0,12.0,12.0
Performance,0.6073564433989085,0.7446837123521892,0.7446837123521892,1.8811004188026987,1.8811004188026987,1.5220312051180762,1.5220312051180762,1.5220312051180762,2.0,2.0,2.0,2.0,2.0,2.0,2.0,2.0,2.0,2.0,2.0,2.0,2.0,2.0,2.0,2.0,2.0,2.0,2.0,2.0,2.0,2.0,2.0,2.0,2.0,2.0,2.0,2.0,2.0,2.0,2.0,2.0,2.0,2.0,2.0,2.0,2.0,2.0,2.0,2.0,2.0,2.0,2.0,2.0,2.0,2.0,2.0,2.0,2.0,2.0,2.0,2.0,2.0,2.0,2.0,2.0,2.0,2.0,2.0,2.0,2.0,2.0,2.0,2.0,2.0,2.0,2.0,2.0,2.0,2.0,2.0,2.0,2.0,2.0,2.0,2.0,2.0,2.0,2.0,2.0,2.0,2.0,2.0,2.0,2.0,2.0,2.0,2.0,2.0,2.0,2.0,2.0,2.0,2.0,2.0,2.0,2.0,2.0,2.0,2.0,2.0,2.0,2.0,2.0,2.0,2.0,2.0,2.0,2.0,2.0,2.0,2.0,2.0,2.0,2.0,2.0,2.0,2.0,2.0,2.0,2.0,2.0,2.0,2.0,2.0,2.0,2.0,2.0,2.0,2.0,2.0,2.0,2.0,2.0,2.0,2.0,2.0,2.0,2.0,2.0,2.0,2.0,2.0,2.0,2.0,2.0,2.0,2.0,2.0,2.0,2.0,2.0,2.0,2.0,2.0,2.0,2.0,2.0,2.0,2.0,2.0,2.0,2.0,2.0,2.0,2.0,2.0,2.0,2.0,2.0,2.0,2.0,2.0,2.0,2.0,2.0,2.0,2.0,2.0,2.0,2.0,2.0,2.0,2.0,2.0,2.0,2.0,2.0,2.0,2.0,2.0,2.0,2.0,2.0,2.0,2.0,2.0,2.0,2.0,2.0,2.0,2.0,2.0,2.0,2.0,2.0,2.0,2.0,2.0,2.0,2.0,2.0,2.0,2.0,2.0,2.0,2.0,2.0,2.0,2.0,2.0,2.0,2.0,2.0,2.0,2.0,2.0,2.0,2.0,2.0,2.0,2.0,2.0,2.0,2.0,2.0,2.0,2.0,2.0,2.0,2.0,2.0,2.0,2.0,2.0,2.0,2.0,2.0,2.0,2.0,2.0,2.0,2.0,2.0,2.0,2.0,2.0,2.0,2.0,2.0,2.0,2.0,2.0,2.0,2.0,2.0,2.0,2.0,2.0,2.0,2.0,2.0,2.0,2.0,2.0,2.0,2.0,2.0,2.0,2.0,2.0,2.0,2.0,2.0,2.0,2.0,2.0,2.0,2.0,2.0,2.0,2.0,2.0,2.0,2.0,2.0,2.0,2.0,2.0,2.0,2.0,2.0,2.0,2.0,2.0,2.0,2.0,2.0,2.0,2.0,2.0,2.0,2.0,2.0,2.0,2.0,2.0,2.0,2.0,2.0,2.0,2.0,2.0,2.0,2.0,2.0,2.0,2.0,2.0,2.0,2.0,2.0,2.0,2.0,2.0,2.0,2.0,2.0,2.0,2.0,2.0,2.0,2.0,2.0,2.0,2.0,2.0,2.0,2.0,2.0,2.0,2.0,2.0,2.0,2.0,2.0,2.0,2.0,2.0,2.0,2.0,2.0,2.0,2.0,2.0,2.0,2.0,2.0,2.0,2.0,2.0,2.0,2.0,2.0,2.0,2.0,2.0,2.0,2.0,2.0,2.0,2.0,2.0,2.0,2.0,2.0,2.0,2.0,2.0,2.0,2.0,2.0,2.0,2.0,2.0,2.0,2.0,2.0,2.0,2.0,2.0,2.0,2.0,2.0,2.0,2.0,2.0,2.0,2.0,2.0,2.0,2.0,2.0,2.0,2.0,2.0,2.0,2.0,2.0,2.0,2.0,2.0,2.0,2.0,2.0,2.0,2.0,2.0,2.0,2.0,2.0,2.0,2.0,2.0,2.0,2.0,2.0,2.0,2.0,2.0,2.0,2.0,2.0,2.0,2.0,2.0,2.0,2.0,2.0,2.0,2.0,2.0,2.0,2.0,2.0,2.0,2.0,2.0,2.0,2.0,2.0,2.0,2.0,2.0,2.0,2.0,2.0,2.0,2.0,2.0,2.0,2.0,2.0,2.0,2.0,2.0,2.0,2.0,2.0,2.0,2.0,2.0,2.0,2.0,2.0,2.0,2.0,2.0,2.0,2.0,2.0,2.0
Performance,6.675719732725651,6.774684493411129,6.788761415873099,7.134142173303986,7.311119185425052,7.439069129067748,7.559080404611898,7.698406595536474,7.755861720033957,7.929136891568825,8.03547144168217,8.088873426989636,8.178207880797244,8.239439479463657,8.399372755672449,8.825228327144867,8.810956585830738,9.13257468068319,9.182337695168389,9.160900390229223,9.109656570919366,9.63010053474066,9.469957597096691,9.842333097096947,11.0,11.0,11.0,11.0,11.0,11.0,11.0,11.0,11.0,11.0,11.0,11.0,11.0,11.0,11.0,11.0,11.0,11.0,11.0,11.0,11.0,11.0,11.0,11.0,11.0,11.0,11.0,11.0,11.0,11.0,11.0,11.0,11.0,11.0,11.0,11.0,11.0,11.0,11.0,11.0,11.0,11.60882687487574,12.42066555694749,12.607027794447262,12.643712851022386,13.037406824378804,14.28620232669635,14.67649073913454,14.157025449071122,14.46105571441462,15.0,15.0,15.0,15.0,15.0,15.0,15.0,15.0,15.0,15.0,15.0,15.0,15.0,15.0,15.0,15.0,15.0,15.0,15.0,15.0,15.0,15.0,15.0,14.990960180336812,15.0,15.0,15.0,15.0,15.0,15.0,15.0,15.0,15.0,15.0,15.0,15.0,15.0,15.0,15.0,15.0,15.0,15.0,15.0,15.0,15.0,15.0,15.0,15.0,15.0,15.0,15.0,15.0,15.0,15.0,15.0,15.0,15.0,15.0,15.0,15.0,15.0,15.0,15.0,15.0,15.0,15.0,14.568424459884888,15.0,15.0,15.0,15.0,15.0,15.0,15.0,15.0,15.0,15.0,15.0,15.0,15.0,15.0,15.0,15.0,15.0,15.0,15.0,15.0,15.0,15.0,15.0,15.0,15.0,15.0,15.0,15.0,15.0,15.0,15.0,15.0,15.0,15.0,15.0,15.0,15.0,15.0,15.0,15.0,15.0,15.0,15.0,15.0,15.0,15.0,15.0,15.0,15.0,15.0,15.0,15.0,15.0,15.0,15.0,15.0,15.0,15.0,15.0,15.0,15.0,15.0,15.0,15.0,15.0,15.0,15.0,15.0,15.0,15.0,15.0,15.0,15.0,15.0,15.0,15.0,15.0,15.0,15.0,15.0,15.0,15.0,15.0,15.0,15.0,15.0,15.0,15.0,15.0,15.0,15.0,15.0,15.0,15.0,15.0,15.0,15.0,15.0,15.0,15.0,15.0,15.0,15.0,15.0,15.0,15.0,15.0,15.0,15.0,15.0,15.0,15.0,15.0,15.0,15.0,15.0,15.0,15.0,15.0,15.0,15.0,15.0,15.0,15.0,15.0,15.0,15.0,15.0,15.0,15.0,15.0,15.0,15.0,15.0,15.0,15.0,15.0,15.0,15.0,15.0,15.0,15.0,15.0,15.0,15.0,15.0,15.0,15.0,15.0,15.0,15.0,15.0,15.0,15.0,15.0,15.0,15.0,15.0,15.0,15.0,15.0,15.0,15.0,15.0,15.0,15.0,15.0,15.0,15.0,15.0,15.0,15.0,15.0,15.0,15.0,15.0,15.0,15.0,15.0,15.0,15.0,15.0,15.0,15.0,15.0,15.0,15.0,15.0,15.0,15.0,15.0,15.0,15.0,15.0,15.0,15.0,15.0,15.0,15.0,15.0,15.0,15.0,15.0,15.0,15.0,15.0,15.0,15.0,15.0,15.0,15.0,15.0,15.0,15.0,15.0,15.0,15.0,15.0,15.0,15.0,15.0,15.0,15.0,15.0,15.0,15.0,15.0,15.0,15.0,15.0,15.0,15.0,15.0,15.0,15.0,15.0,15.0,15.0,15.0,15.0,15.0,15.0,15.0,15.0,15.0,15.0,15.0,15.0,15.0,15.0,15.0,15.0,15.0,15.0,15.0,15.0,15.0,15.0,15.0,15.0,15.0,15.0,15.0,15.0,15.0,15.0,15.0,15.0,15.0,15.0,15.0,15.0,15.0,15.0,15.0,15.0,15.0,15.0,15.0,15.0,15.0,15.0,15.0,15.0,15.0,15.0,15.0,15.0,15.0,15.0,15.0,15.0,15.0,15.0,15.0,15.0,15.0,15.0,15.0,15.0,15.0,15.0,15.0,15.0,15.0,15.0,15.0,15.0,15.0,15.0,15.0,15.0,15.0,15.0,15.0,15.0,15.0,15.0,15.0,15.0,15.0,15.0,15.0,15.0,15.0,15.0,15.0,15.0,15.0,15.0,15.0,15.0,15.0,15.0,15.0,15.0,15.0,15.0,15.0,15.0,15.0,15.0,15.0,15.0,15.0,15.0,15.0,15.0,15.0,15.0,15.0,15.0,15.0,15.0,15.0,15.0,15.0,15.0,15.0
Performance,4.614885355752356,6.763783241162582,7.742996723950798,8.571934301196546,8.782340116978089,7.797699509467661,10.346320987537563,10.7305260895388,12.26810716334463,11.564813224011946,12.85143982764897,13.641632350946349,14.03750144046573,14.057282817115524,15.0,15.0,15.0,15.0,15.0,15.0,14.939642163285956,15.0,15.0,15.0,15.0,15.0,15.0,15.0,14.424038203274602,15.0,15.0,13.106798353182109,13.15715553376441,15.0,15.0,15.0,15.0,15.0,15.0,15.0,15.0,15.0,15.0,15.0,15.0,15.0,15.0,15.0,15.0,15.0,15.0,15.0,15.0,15.0,15.0,15.0,15.0,15.0,15.0,15.0,15.0,15.0,15.0,15.0,15.0,15.0,15.0,15.0,15.0,15.0,15.0,15.0,15.0,15.0,15.0,15.0,15.0,15.0,15.0,15.0,15.0,15.0,15.0,15.0,15.0,15.0,15.0,15.0,15.0,15.0,15.0,15.0,15.0,15.0,15.0,15.0,15.0,15.0,15.0,15.0,15.0,15.0,15.0,15.0,15.0,15.0,15.0,15.0,15.0,15.0,15.0,15.0,15.0,15.0,15.0,15.0,15.0,15.0,15.0,15.0,15.0,15.0,15.0,15.0,15.0,15.0,15.0,15.0,15.0,15.0,15.0,15.0,15.0,15.0,15.0,15.0,15.0,15.0,15.0,15.0,15.0,15.0,15.0,15.0,15.0,14.784632366154622,15.0,15.0,15.0,15.0,15.0,15.0,15.0,15.0,15.0,15.0,15.0,15.0,15.0,15.0,15.0,15.0,15.0,15.0,15.0,15.0,15.0,15.0,15.0,15.0,15.0,15.0,15.0,15.0,15.0,15.0,15.0,15.0,15.0,15.0,15.0,15.0,15.0,15.0,15.0,15.0,15.0,15.0,15.0,15.0,15.0,15.0,15.0,15.0,15.0,15.0,15.0,15.0,15.0,15.0,15.0,15.0,15.0,15.0,15.0,15.0,15.0,15.0,15.0,15.0,15.0,15.0,15.0,15.0,15.0,15.0,15.0,15.0,15.0,15.0,15.0,15.0,15.0,15.0,15.0,15.0,15.0,15.0,15.0,15.0,15.0,15.0,15.0,15.0,15.0,15.0,15.0,15.0,15.0,15.0,15.0,15.0,15.0,15.0,15.0,15.0,15.0,15.0,15.0,15.0,15.0,15.0,15.0,15.0,15.0,15.0,15.0,15.0,15.0,15.0,15.0,15.0,15.0,15.0,15.0,15.0,15.0,15.0,15.0,15.0,15.0,15.0,15.0,15.0,15.0,15.0,15.0,15.0,15.0,15.0,15.0,15.0,15.0,15.0,15.0,15.0,15.0,15.0,15.0,15.0,15.0,15.0,15.0,15.0,15.0,15.0,15.0,15.0,15.0,15.0,15.0,15.0,15.0,15.0,15.0,15.0,15.0,15.0,15.0,15.0,15.0,15.0,15.0,15.0,15.0,15.0,15.0,15.0,15.0,15.0,15.0,15.0,15.0,15.0,15.0,15.0,15.0,15.0,15.0,15.0,15.0,15.0,15.0,15.0,15.0,15.0,15.0,15.0,15.0,15.0,15.0,15.0,15.0,15.0,15.0,15.0,15.0,15.0,15.0,15.0,15.0,15.0,15.0,15.0,15.0,15.0,15.0,15.0,15.0,15.0,15.0,15.0,15.0,15.0,15.0,15.0,15.0,15.0,15.0,15.0,15.0,15.0,15.0,15.0,15.0,15.0,15.0,15.0,15.0,15.0,15.0,15.0,15.0,15.0,15.0,15.0,15.0,15.0,15.0,15.0,15.0,15.0,15.0,15.0,15.0,15.0,15.0,15.0,15.0,15.0,15.0,15.0,15.0,15.0,15.0,15.0,15.0,15.0,15.0,14.993170941114919,15.0,15.0,15.0,15.0,15.0,15.0,15.0,15.0,15.0,15.0,15.0,15.0,15.0,15.0,15.0,15.0,15.0,15.0,15.0,15.0,15.0,15.0,15.0,15.0,15.0,15.0,15.0,15.0,15.0,15.0,15.0,15.0,15.0,15.0,15.0,15.0,15.0,15.0,15.0,15.0,15.0,15.0,15.0,15.0,15.0,15.0,15.0,15.0,15.0,15.0,15.0,15.0,15.0,15.0,15.0,15.0,15.0,15.0,15.0,15.0,15.0,15.0,15.0,15.0,15.0,15.0,15.0,15.0,15.0,15.0,15.0,15.0,15.0,15.0,15.0,15.0,15.0,15.0,15.0,15.0,15.0,15.0,15.0,15.0,15.0,15.0,15.0,15.0,15.0,15.0
Performance,13.728402502031551,15.36238671378375,16.1771836535771,20.0,16.000869973572048,15.95670768473585,15.959207392901297,20.0,20.0,20.0,20.0,20.0,20.0,20.0,20.0,20.0,20.0,20.0,20.0,20.0,20.0,20.0,18.429655666792904,19.830890993126676,19.830890993126676,20.0,20.0,20.0,20.0,20.0,20.0,19.80556405789646,19.80556405789646,20.0,20.0,20.0,20.0,20.0,16.26926965592392,16.26926965592392,20.0,20.0,20.0,20.0,20.0,20.0,20.0,20.0,20.0,20.0,20.0,20.0,20.0,20.0,20.0,20.0,20.0,20.0,20.0,20.0,20.0,20.0,19.18252648934174,20.0,20.0,20.0,20.0,20.0,20.0,20.0,20.0,20.0,20.0,20.0,20.0,20.0,20.0,20.0,20.0,20.0,20.0,20.0,20.0,20.0,20.0,20.0,20.0,20.0,20.0,20.0,20.0,20.0,20.0,20.0,20.0,20.0,20.0,20.0,20.0,20.0,20.0,20.0,20.0,20.0,20.0,20.0,20.0,20.0,20.0,20.0,20.0,20.0,20.0,20.0,20.0,20.0,20.0,20.0,20.0,20.0,20.0,20.0,20.0,20.0,20.0,20.0,20.0,20.0,20.0,20.0,20.0,20.0,20.0,20.0,20.0,20.0,20.0,20.0,20.0,20.0,20.0,20.0,20.0,20.0,20.0,20.0,20.0,20.0,20.0,20.0,20.0,20.0,20.0,20.0,20.0,20.0,20.0,20.0,20.0,20.0,20.0,20.0,20.0,20.0,20.0,20.0,20.0,20.0,20.0,20.0,20.0,20.0,20.0,20.0,20.0,20.0,20.0,20.0,20.0,20.0,20.0,20.0,20.0,20.0,20.0,20.0,20.0,20.0,20.0,20.0,20.0,20.0,20.0,20.0,20.0,20.0,20.0,20.0,20.0,20.0,20.0,20.0,20.0,20.0,20.0,20.0,20.0,20.0,20.0,20.0,20.0,20.0,20.0,20.0,20.0,20.0,20.0,20.0,20.0,20.0,20.0,20.0,20.0,20.0,20.0,20.0,20.0,20.0,20.0,20.0,20.0,20.0,20.0,20.0,20.0,20.0,20.0,20.0,20.0,20.0,20.0,20.0,20.0,20.0,20.0,20.0,20.0,20.0,20.0,20.0,20.0,20.0,20.0,20.0,20.0,20.0,20.0,20.0,20.0,20.0,20.0,20.0,20.0,20.0,20.0,20.0,20.0,20.0,20.0,20.0,20.0,20.0,20.0,20.0,20.0,20.0,20.0,20.0,20.0,20.0,20.0,20.0,20.0,20.0,20.0,20.0,20.0,20.0,20.0,20.0,20.0,20.0,20.0,20.0,20.0,20.0,20.0,20.0,20.0,20.0,20.0,20.0,20.0,20.0,20.0,20.0,20.0,20.0,20.0,20.0,20.0,20.0,20.0,20.0,20.0,20.0,20.0,20.0,20.0,20.0,20.0,20.0,20.0,20.0,20.0,20.0,20.0,20.0,20.0,20.0,20.0,20.0,20.0,20.0,20.0,20.0,20.0,20.0,20.0,20.0,20.0,20.0,20.0,20.0,20.0,20.0,20.0,20.0,20.0,20.0,20.0,20.0,20.0,20.0,20.0,20.0,20.0,20.0,20.0,20.0,20.0,20.0,20.0,20.0,20.0,20.0,20.0,20.0,20.0,20.0,20.0,20.0,20.0,20.0,20.0,20.0,20.0,20.0,20.0,20.0,20.0,20.0,20.0,20.0,20.0,20.0,20.0,20.0,20.0,20.0,20.0,20.0,20.0,20.0,20.0,20.0,20.0,20.0,20.0,20.0,20.0,20.0,20.0,20.0,20.0,20.0,20.0,20.0,20.0,20.0,20.0,20.0,20.0,20.0,20.0,20.0,20.0,20.0,20.0,20.0,20.0,20.0,20.0,20.0,20.0,20.0,20.0,20.0,20.0,20.0,20.0,20.0,20.0,20.0,20.0,20.0,20.0,20.0,20.0,20.0,20.0,20.0,20.0,20.0,20.0,20.0,20.0,20.0,20.0,20.0,20.0,20.0,20.0,20.0,20.0,20.0,20.0,20.0,20.0,20.0,20.0,20.0,20.0,20.0,20.0,20.0,20.0,20.0,20.0,20.0,20.0,20.0,20.0,20.0,20.0,20.0,20.0,20.0,20.0,20.0,20.0,20.0,20.0,20.0,20.0,20.0,20.0,20.0,20.0,20.0,20.0,20.0,20.0,20.0,20.0,20.0,20.0,20.0,20.0,20.0
Performance,8.829814381447541,10.622011181940863,10.83019544327888,10.585173087965117,12.597681127651171,16.003206450961006,14.55049919176443,14.856735448464038,13.457652604007993,14.201733080023528,14.765033750840002,14.990067889144779,14.87375261567896,14.556457960825277,14.545506057066284,14.265484538332426,14.85637054573903,15.444036827525919,14.746189737947617,14.597617772844409,14.71314668280945,13.601887863815397,14.28245360553045,14.292696748806005,15.083943498297248,15.683161097604136,16.06338972517006,16.217927352097597,15.262336285036636,16.030068407622668,16.331318130876625,16.677118413164898,16.445075093489585,16.523726867251973,16.522905043277483,16.209820378975444,16.220184188711563,16.06614068966722,16.802226569864178,15.331958545307806,15.281224904945743,16.321864238007514,15.835464592794946,16.992306931606777,17.01947327443406,16.99178828334776,17.15737641188379,17.15685193698041,17.127192396949795,16.570516139222647,17.02820004985289,17.04412330767395,17.03924417519873,16.162209573639373,17.250303253906555,17.671372113148244,17.703368838534438,17.70269450055783,17.815523016243496,17.82082945374581,17.809654898364922,17.862247888332885,17.822728415730303,17.159477232174996,18.22096778757465,18.10063664085785,18.751832144209036,19.272144925912116,19.25175946381972,19.2723722707604,17.995973272509325,18.066614377427562,18.083016031718174,17.958580022858815,17.257836846698755,18.22808648793024,18.289715462951786,18.212483931510725,17.899799419601464,17.582556629909988,17.923106089940962,17.493411951509067,18.001635130856265,18.050779551526333,18.517135522328502,18.324659677228784,18.465492390796804,18.537666744685524,18.939429588792265,19.0411784240055,19.566135276392757,19.453051022189197,18.40688614739299,19.452084756560858,19.78610941858532,18.87969065489367,18.584068823266424,19.23904641185782,19.065785641595973,18.949165689902237,20.065789955343128,18.869360568665307,20.039924717703375,19.937503404747737,19.938210545506706,19.20754431653087,19.936908783847528,19.939378701220136,20.60474213412447,20.395850300086753,20.990452610540338,21.0,20.95162862340662,20.98475386980104,20.434830420463065,21.0,19.781391481514206,21.0,20.23689026613038,17.617892498635754,21.0,21.0,21.0,14.386170539379016,21.0,21.0,21.0,21.0,21.0,21.0,21.0,21.0,21.0,21.0,21.0,21.0,21.0,21.0,21.0,21.0,21.0,21.0,21.0,21.0,21.0,21.0,21.0,21.0,21.0,21.0,21.0,21.0,21.0,21.0,21.0,21.0,20.5996876808884,21.0,21.0,21.0,21.0,21.0,21.0,21.0,21.0,19.27022421758455,21.0,21.0,21.0,21.0,21.0,21.0,21.0,21.0,21.0,21.0,21.0,21.0,21.0,21.0,21.0,21.0,21.0,21.0,21.0,21.0,21.0,21.0,21.0,21.0,21.0,21.0,21.0,21.0,21.0,21.0,21.0,21.0,21.0,21.0,21.0,21.0,21.0,21.0,21.0,21.0,21.0,21.0,21.0,21.0,21.0,21.0,21.0,21.0,21.0,21.0,21.0,21.0,21.0,21.0,21.0,21.0,21.0,21.0,21.0,21.0,21.0,21.0,21.0,21.0,21.0,21.0,21.0,21.0,21.0,21.0,21.0,21.0,21.0,21.0,21.0,21.0,21.0,21.0,21.0,21.0,21.0,21.0,21.0,21.0,21.0,21.0,21.0,21.0,21.0,21.0,21.0,21.0,21.0,21.0,21.0,21.0,21.0,21.0,21.0,21.0,21.0,21.0,21.0,21.0,21.0,21.0,21.0,21.0,21.0,21.0,21.0,21.0,21.0,21.0,21.0,21.0,21.0,21.0,21.0,21.0,21.0,21.0,19.080836586994298,19.080836586994298,19.969378458036118,21.0,21.0,21.0,21.0,21.0,21.0,21.0,21.0,21.0,21.0,21.0,21.0,21.0,21.0,21.0,21.0,21.0,21.0,21.0,21.0,21.0,21.0,21.0,21.0,21.0,21.0,21.0,21.0,21.0,21.0,21.0,21.0,21.0,21.0,21.0,21.0,21.0,21.0,21.0,21.0,21.0,21.0,21.0,21.0,21.0,21.0,21.0,21.0,21.0,21.0,21.0,21.0,21.0,21.0,21.0,21.0,21.0,21.0,21.0,21.0,21.0,21.0,21.0,21.0,21.0,21.0,21.0,21.0,21.0,21.0,21.0,21.0,21.0,21.0,21.0,21.0,21.0,21.0,21.0,21.0,21.0,21.0,21.0,21.0,21.0,21.0,21.0,21.0,21.0,21.0,21.0,21.0,21.0,21.0,21.0,21.0,21.0,21.0,21.0,21.0,21.0,21.0,21.0,21.0,21.0,18.923272093323995,21.0,21.0,20.929306805812985,20.929306805812985,21.0,21.0,21.0,21.0,21.0,21.0,21.0,21.0,21.0,21.0,21.0,21.0,21.0,21.0,21.0,21.0,21.0,21.0,21.0,21.0,21.0,21.0,21.0,21.0,21.0,21.0,21.0,21.0,21.0,21.0,21.0,21.0,21.0,21.0,21.0,21.0,21.0,21.0,21.0,21.0,21.0,21.0,21.0,21.0,21.0,21.0,21.0,21.0,21.0,21.0,21.0,21.0,21.0,21.0,21.0,21.0,21.0,21.0,21.0,21.0,21.0,21.0,21.0,21.0,21.0,21.0,21.0,21.0,21.0,21.0,21.0,21.0,21.0,21.0,21.0,21.0,21.0,21.0,21.0,21.0,21.0,21.0,21.0,21.0,21.0,21.0,21.0,21.0,21.0,21.0,21.0,21.0,21.0,21.0,21.0,21.0,21.0,21.0,21.0
Performance,8.0,8.0,8.0,8.0,8.0,8.0,8.0,8.0,8.0,8.0,8.0,8.0,8.0,8.0,8.0,8.0,8.0,8.0,8.0,8.0,8.0,8.0,8.0,8.0,8.0,8.0,8.0,8.0,8.0,8.0,8.0,8.0,8.0,8.0,8.0,8.0,8.0,8.0,8.0,8.0,8.0,8.0,8.0,8.0,8.0,8.0,8.0,8.0,8.0,8.0,8.0,8.0,8.0,8.0,8.0,8.0,8.0,8.0,8.0,8.0,8.0,8.0,8.0,8.0,8.0,8.0,8.0,8.0,8.0,8.0,8.0,8.0,8.0,8.0,8.0,8.0,8.0,8.0,8.0,8.0,8.0,8.0,8.0,8.0,8.0,8.0,8.0,8.0,8.0,8.0,8.0,8.0,8.0,8.0,8.0,8.0,8.0,8.0,8.0,8.0,8.0,8.0,8.0,8.0,8.0,8.0,8.0,8.0,8.0,8.0,8.0,8.0,8.0,8.0,8.0,8.0,8.0,8.0,8.0,8.0,8.0,8.0,8.0,8.0,8.0,8.0,8.0,8.0,8.0,8.0,8.0,8.0,8.0,8.0,8.0,8.0,8.0,8.0,8.0,8.0,8.0,8.0,8.0,8.0,8.0,8.0,8.0,8.0,8.0,8.0,8.0,8.0,8.0,8.0,8.0,8.0,8.0,8.0,8.0,8.0,8.0,8.0,8.0,8.0,8.0,8.0,8.0,8.0,8.0,8.0,8.0,8.0,8.0,8.0,8.0,8.0,8.0,8.0,8.0,8.0,8.0,8.0,8.0,8.0,8.0,8.0,8.0,8.0,8.0,8.0,8.0,8.0,8.0,8.0,8.0,8.0,8.0,8.0,8.0,8.0,8.0,8.0,8.0,8.0,8.0,8.0,8.0,8.0,8.0,8.0,8.0,8.0,8.0,8.0,8.0,8.0,8.0,8.0,8.0,8.0,8.0,8.0,8.0,8.0,8.0,8.0,8.0,8.0,8.0,8.0,8.0,8.0,8.0,8.0,8.0,8.0,8.0,8.0,8.0,8.0,8.0,8.0,8.0,8.0,8.0,8.0,8.0,8.0,8.0,8.0,8.0,8.0,8.0,8.0,8.0,8.0,8.0,8.0,8.0,8.0,8.0,8.0,8.0,8.0,8.0,8.0,8.0,8.0,8.0,8.0,8.0,8.0,8.0,8.0,8.0,8.0,8.0,8.0,8.0,8.0,8.0,8.0,8.0,8.0,8.0,8.0,8.0,8.0,8.0,8.0,8.0,8.0,8.0,8.0,8.0,8.0,8.0,8.0,8.0,8.0,8.0,8.0,8.0,8.0,8.0,8.0,8.0,8.0,8.0,8.0,8.0,8.0,8.0,8.0,8.0,8.0,8.0,8.0,8.0,8.0,8.0,8.0,8.0,8.0,8.0,8.0,8.0,8.0,8.0,8.0,8.0,8.0,8.0,8.0,8.0,8.0,8.0,8.0,8.0,8.0,8.0,8.0,8.0,8.0,8.0,8.0,8.0,8.0,8.0,8.0,8.0,8.0,8.0,8.0,8.0,8.0,8.0,8.0,8.0,8.0,8.0,8.0,8.0,8.0,8.0,8.0,8.0,8.0,8.0,8.0,8.0,8.0,8.0,8.0,8.0,8.0,8.0,8.0,8.0,8.0,8.0,8.0,8.0,8.0,8.0,8.0,8.0,8.0,8.0,8.0,8.0,8.0,8.0,8.0,8.0,8.0,8.0,8.0,8.0,8.0,8.0,8.0,8.0,8.0,8.0,8.0,8.0,8.0,8.0,8.0,8.0,8.0,8.0,8.0,8.0,8.0,8.0,8.0,8.0,8.0,8.0,8.0,10.031230683265612,10.035483767986687,10.062254744989497,10.13867984880181,10.208477176324706,10.264087458558304,10.393437294903045,10.496327187611271,10.622954801560999,10.68594560831469,10.801880787912104,10.941574807220235,11.00858276483079,11.150762405435739,11.346749484066738,11.465293621519173,11.564348725466097,11.619065777486144,11.711686594687379,11.780595818431562,12.134222522665501,12.134811940963079,12.399432607749082,12.396699266822402,12.451979047093992,12.478950026544524,12.77042691386666,12.823854855411259,12.828299744996777,12.874459466495443,12.953937748363643,13.157084690159582,13.255611920660995,13.252059853805275,14.184302553238956,14.187681129216735,14.169929590517455,14.31141172988389,14.33850554976112,14.961883112925651,14.954083785518478,15.016205863132786,15.246199170761066,15.257482172536047,15.18355305185026,15.736954337861434,16.0,16.0,16.0,16.0,16.0,19.097562891038088,19.093082665876075,19.156015023276456,19.446465981970103,18.271229861376913,19.518999296034977,20.289197402278738,20.23185784752076,20.226982062303513,20.27444312479253,20.85950751656051,20.75998847058409,20.406818598331995,20.425074633082996,20.83826852935517,22.750055644023277,20.753222765437222,20.492316587629062,20.93336159983784,24.457664566315188,27.918689883074304,28.0,27.305034590041764,27.316376103066137,26.120874688749783,28.0,27.67584449341372
Performance,13.514652556982579,13.882547405163372,13.947721732728711,14.020872547741885,14.131156012829896,14.232552352678544,14.27132915548811,14.298397589981587,14.364502052113872,14.42336703720899,14.618378566607651,14.571527042555092,14.591129187273168,14.66495424614863,14.733136497903788,14.760897795367356,14.781855932038066,14.81354271800842,15.019298727498178,15.02534214008399,15.14617668272017,15.234793989738595,15.299779900193975,15.465056613700437,15.587334231139582,15.684535135988291,15.805386671567089,16.052740531860103,16.126642815046623,16.318862051866198,16.395137102731592,16.603914030239505,16.71094485074927,16.627291573968122,16.84731387059941,16.82498923729201,17.078095851243283,17.06021073630232,17.173142516391557,17.32700723950933,17.394093373508376,17.718239783695253,17.84967197171703,17.881769734591877,18.19687678028305,18.731111551298227,18.943166256882538,18.95195072761196,18.932387106144162,19.00505979464473,19.242414648898347,19.964900564250215,19.979126388041873,20.0,20.0,20.0,20.0,20.0,19.896134447163586,20.0,20.0,19.844905207067107,20.0,20.0,20.0,20.0,20.0,20.0,20.0,20.0,20.0,20.0,20.0,20.0,20.0,20.0,20.0,20.0,20.0,20.0,20.0,20.0,20.0,20.0,20.0,20.0,20.0,20.0,20.0,20.0,20.0,20.0,20.0,20.0,20.0,20.0,20.0,20.0,20.0,20.0,20.0,20.0,20.0,20.0,20.0,20.0,20.0,20.0,20.769251513734183,20.840658668331052,20.968725086934796,21.099723873296153,21.17970078553772,21.201717634744323,21.25263771591841,21.303255551677193,21.325764925995003,21.53077673477242,21.88249116670734,21.83865374846158,22.296802277455075,22.961271861680324,21.900380900704537,22.08289654378745,22.937925960999504,23.0,23.0,23.0,22.481963441614766,23.0,23.0,23.0,22.362180139581326,23.0,23.0,23.0,23.0,23.0,22.890202285681696,22.81293290326152,22.76618039085441,23.0,23.0,23.0,23.0,20.02888855754238,22.682283041890997,22.565876227594146,22.485351612881253,22.378488385590302,22.895350475995322,23.0,23.0,21.936850847016935,23.0,23.0,23.0,22.98440025711416,22.986298143011535,22.912877872656786,21.56753812598302,23.0,22.97086833144146,23.0,23.0,22.97218176640842,23.0,22.42450103651058,23.0,23.0,23.0,22.993739946933992,23.0,23.0,22.94140190267209,22.90645434041514,23.0,22.327391290144753,23.0,23.0,23.0,19.970187348833008,23.0,23.0,22.487095407733467,21.434526341991308,23.0,23.0,23.0,23.0,23.0,22.967466391317014,21.49344413345892,21.37322620539971,20.88147218310462,23.0,23.0,23.0,23.0,23.0,23.0,23.0,23.0,23.0,23.0,23.0,23.0,23.0,23.0,23.0,23.0,22.88528407516093,22.896572553411417,23.0,23.0,23.0,23.0,23.0,23.0,23.0,22.401884140970257,21.266991816446115,22.36514335048131,23.0,21.472946331522287,23.0,23.0,23.0,23.0,23.0,23.0,23.0,23.0,23.0,23.0,23.0,23.0,23.0,23.0,23.0,22.840775783272314,22.986338091699515,23.0,22.498209944912084,23.0,21.29722177874727,23.0,21.31113282465777,23.0,21.632268666220746,23.0,23.0,23.0,23.0,23.0,23.0,23.0,23.0,23.0,23.0,23.0,23.0,21.726763028879535,23.0,21.787123490664015,23.0,21.71982819378282,23.0,23.0,23.0,23.0,23.0,23.0,23.0,23.0,23.0,23.0,21.753708239833827,22.983697620511407,23.0,21.762994851611985,23.0,23.0,23.0,23.0,23.0,23.0,23.0,23.0,23.0,23.0,23.0,23.0,23.0,23.0,23.0,23.0,23.0,23.0,23.0,23.0,23.0,23.0,23.0,23.0,23.0,23.0,23.0,22.94469675818304,23.0,23.0,23.0,23.0,22.93461727927563,22.934592773507866,23.0,23.0,23.0,23.0,23.0,23.0,23.0,23.0,23.0,23.0,23.0,23.0,23.0,23.0,22.823390299596603,23.0,23.0,23.0,23.0,23.0,23.0,23.0,23.0,23.0,23.0,23.0,23.0,23.0,23.0,23.0,23.0,23.0,23.0,23.0,23.0,23.0,23.0,23.0,23.0,23.0,23.0,23.0,23.0,23.0,23.0,23.0,23.0,23.0,23.0,23.0,23.0,23.0,23.0,23.0,23.0,23.0,23.0,23.0,23.0,23.0,23.0,23.0,23.0,23.0,23.0,23.0,23.0,23.0,23.0,23.0,23.0,23.0,23.0,23.0,23.0,23.0,23.0,23.0,23.0,23.0,23.0,23.0,23.0,23.0,23.0,23.0,23.0,23.0,23.0,23.0,23.0,23.0,23.0,23.0,23.0,23.0,23.0,23.0,23.0,23.0,23.0,23.0,23.0,23.0,23.0,23.0,23.0,23.0,23.0,23.0,23.0,23.0,23.0,23.0,23.0,23.0,23.0,23.0,23.0,23.0,23.0,23.0,23.0,23.0,23.0,23.0,23.0,23.0,23.0,23.0,23.0,23.0,23.0,23.0,23.0,23.0,23.0,23.0,23.0,23.0,23.0,23.0,23.0,23.0,23.0,23.0,23.0,23.0,22.637244219316262,22.675870126414598,22.67176090339988,23.0,23.0,22.661039325381328,23.0,23.0,23.0,23.0,23.0,23.0,23.0,23.0,23.0,23.0,23.0,23.0,23.0,23.0,23.0,23.0,23.0,23.0,23.0,23.0,23.0,23.0,23.0,23.0,23.0,23.0,23.0,23.0,23.0,23.0,23.0
Performance,2.2925167529785604,2.9271443679206315,3.012058732366492,3.1246391073018334,3.1240153607809695,3.2388194805310047,3.298542789250494,3.3771981275570244,3.43474475420112,3.4682881794398304,3.512796306060963,3.600023149411556,3.787505711727562,4.053465292094931,4.167369133397319,4.288635191839898,4.29085326236787,4.295314389234413,4.325965691626873,4.469323009080567,4.494918990887674,4.685345853959689,5.034426717077623,5.3239339257278395,5.347236411741884,5.373594945700177,5.496180349129792,5.503659088678078,5.62579859166127,5.736401574671294,6.111100201099837,6.347787030533389,7.072542547145046,7.651721858016011,7.670565621965158,7.96473830329863,8.0,8.0,8.0,8.0,8.0,8.0,8.0,8.0,8.0,8.0,8.0,8.0,8.0,8.0,8.0,8.0,8.0,8.0,8.0,8.0,8.0,8.0,8.0,8.0,8.0,8.0,8.0,8.0,8.0,8.0,8.0,8.0,8.0,8.0,8.0,8.0,8.0,8.0,8.0,8.0,8.0,8.0,8.0,8.0,8.0,8.0,8.0,8.0,8.0,8.0,8.0,8.0,8.0,8.0,8.0,8.0,8.0,8.0,8.0,8.0,8.0,8.0,8.0,8.0,8.0,8.0,8.0,8.0,8.0,8.0,8.0,8.0,8.0,8.0,8.0,8.0,8.0,8.0,8.0,8.0,8.0,8.0,8.0,8.0,8.0,8.0,8.0,8.0,8.0,8.0,8.0,8.0,8.0,8.0,8.0,8.0,8.0,8.0,8.0,8.0,8.0,8.0,8.0,8.0,8.0,8.0,8.0,8.0,8.0,8.0,8.0,8.0,8.0,8.0,8.0,8.0,8.0,8.0,8.0,8.0,8.0,8.0,8.0,8.0,8.0,8.0,8.0,8.0,8.0,8.0,8.0,8.0,8.0,8.0,8.0,8.0,8.0,8.0,8.0,8.0,8.0,8.0,8.0,8.0,8.0,8.0,8.0,8.0,8.0,8.0,8.0,8.0,8.0,8.0,8.0,8.0,8.0,8.0,8.0,8.0,8.0,8.0,8.0,8.0,8.0,8.0,8.0,8.0,8.0,8.0,8.0,8.0,8.0,8.0,8.0,8.0,8.0,8.0,8.0,8.0,8.0,8.0,8.0,8.0,8.0,8.0,8.0,8.0,8.0,8.0,8.0,8.0,10.244519152846774,8.0,10.66366452477733,10.916682620611343,10.795137008036216,11.667351741497983,11.710135298077478,11.73948085339589,11.719559618238739,12.092145652460903,13.200757049907327,13.065516766382366,13.063464236973697,13.214926764953791,13.268760258118208,13.02229771618472,13.02222928894157,13.18265111430333,13.245807314411536,13.135094358579817,13.329217144525813,13.336657659205741,12.544766314925718,13.508219557425253,13.579776268477286,13.518430000123297,13.521974390436796,13.499518200714515,13.56257313773314,13.539529755531085,13.804337371361605,13.808469118167809,13.853171046861009,13.87356563374705,13.82293976337822,13.665171966751343,13.832721894755256,13.720865471113061,13.994810030801228,14.008215810732242,14.099980552044284,14.104105089015121,14.111006518112069,14.35425525257881,14.068015603964168,14.203023256046295,14.259903544918984,14.058169652517442,14.381235283193732,14.389349122082969,14.478501963014374,14.46804481109952,14.153243599721328,14.554323399616404,14.548008894379336,14.564755824565863,14.47457088839763,14.503691499328633,14.44820685745896,14.53151214541004,14.59039474197878,14.80972246334342,14.882461804140457,15.561872785002045,17.65685059464564,18.0,15.073060819784228,17.992683933301215,18.0,18.0,18.0,17.135782732334278,18.0,18.0,18.0,18.0,18.0,18.0,18.0,18.0,18.0,18.0,18.0,18.0,18.0,18.0,18.0,18.0,18.0,18.0,18.0,18.0,18.0,18.0,18.0,18.0,18.0,18.0,18.0,18.0,18.0,18.0,17.972407725009518,18.0,18.0,18.0,18.0,18.0,18.0,18.0,18.0,18.0,18.0,18.0,18.0,18.0,18.0,18.0,18.0,18.0,18.0,18.0,18.0,18.0,18.0,18.0,17.692779599548047,17.999410076560487,18.0,18.0,18.0,18.0,18.0,18.0,18.0,18.0,18.0,18.0,18.0,18.0,18.0,18.0,18.0,18.0,18.0,18.0,18.0,18.0,18.0,18.0,18.0,18.0,18.0,18.0,18.0,18.0,18.0,18.0,18.0,18.0,18.0,16.572791807343286,16.616335945684057,18.0,18.0,18.0,18.0,18.0,18.0,18.0,18.0,18.0,18.0,18.0,18.0,18.0,18.0,18.0,18.0,18.0,18.0,18.0,18.0,18.0,18.0,18.0,18.0,18.0,18.0,18.0,18.0,18.0,18.0,18.0,18.0,18.0,18.0,18.0,18.0,18.0,18.0,18.0,18.0,18.0,18.0,18.0,18.0,18.0,18.0,18.0,18.0,18.0,18.0,18.0,18.0,18.0,18.0,18.0,18.0,18.0,18.0,18.0,18.0,18.0,18.0,18.0,18.0,18.0,18.0,18.0,18.0,18.0,18.0,18.0,18.0,18.0,18.0,18.0,18.0,18.0,18.0,18.0,18.0,18.0,18.0,18.0,18.0,18.0,18.0,18.0,18.0,18.0,18.0,18.0,18.0,18.0,18.0,18.0,18.0,18.0,18.0,18.0,18.0,18.0,18.0,18.0,18.0,18.0,18.0,18.0,18.0,18.0
Performance,6.0,6.0,6.0,6.0,6.0,6.0,6.0,6.0,6.0,6.0,6.0,6.0,6.0,6.0,6.0,6.0,6.0,6.0,6.0,7.598815420879201,7.5971684624494005,7.6610557796629735,7.986625781534933,8.437048409475745,10.259150635759255,10.769211284394828,11.190262067070043,11.189923408579695,11.340097073338686,11.435422778967222,12.0,12.0,12.0,12.0,12.0,12.0,12.0,12.0,12.0,12.0,12.0,12.0,12.0,12.0,12.0,12.0,12.0,12.0,12.0,12.0,12.0,12.0,12.0,12.0,12.0,12.0,12.0,12.0,12.0,12.0,12.0,12.0,12.0,12.0,12.0,12.0,12.0,12.0,12.0,12.0,12.0,12.0,12.0,12.0,12.0,12.0,12.0,12.0,12.0,12.0,12.0,12.0,12.0,12.0,12.0,12.0,12.0,12.0,12.0,12.0,12.0,12.0,12.0,12.0,12.0,12.0,12.0,12.0,12.0,12.0,12.0,12.0,12.0,12.0,12.0,12.0,12.0,12.0,12.0,12.0,12.0,12.0,12.0,12.0,12.0,12.0,12.0,12.0,12.0,12.0,12.0,12.0,12.0,12.0,12.0,12.0,12.0,12.0,12.0,12.0,12.0,12.0,12.0,12.0,12.0,12.0,12.0,12.0,12.0,12.0,12.0,12.0,12.0,12.0,12.0,12.0,12.0,12.0,12.0,12.0,12.0,12.0,12.0,12.0,12.0,12.0,12.0,12.0,12.0,12.0,12.0,12.0,12.0,12.0,12.0,12.0,12.0,12.0,12.0,12.0,12.0,12.0,12.0,12.0,12.0,12.0,12.0,12.0,12.0,12.0,12.0,12.0,12.0,12.0,12.0,12.0,12.0,12.0,12.0,12.0,12.0,12.0,12.0,12.0,12.0,12.0,12.0,12.0,12.0,12.0,12.0,12.0,12.0,12.0,12.0,12.0,12.0,12.0,12.0,12.0,12.0,12.0,12.0,12.0,12.0,12.0,12.0,12.0,12.0,12.0,12.0,12.0,12.0,12.0,12.0,12.0,12.0,12.0,12.0,12.0,12.0,12.0,12.0,12.0,12.0,12.0,12.0,12.0,12.0,12.0,12.0,12.0,12.0,12.0,12.0,12.0,12.0,12.0,12.0,12.0,12.0,12.0,12.0,12.0,12.0,12.0,12.0,12.0,12.0,12.0,12.0,12.0,12.0,12.0,12.0,12.0,12.0,12.0,12.0,12.0,12.0,12.0,12.0,12.0,12.0,12.0,12.0,12.0,12.0,12.0,12.0,12.0,12.0,12.0,12.0,12.0,12.0,12.0,12.0,12.0,12.0,12.0,12.0,12.0,12.0,12.0,12.0,12.0,12.0,12.0,12.0,12.0,12.0,12.0,12.0,12.0,12.0,12.0,12.0,12.0,12.0,12.0,12.0,12.0,12.0,12.0,12.0,12.0,12.0,12.0,12.0,12.0,12.0,12.0,12.0,12.0,12.0,12.0,12.0,12.0,12.0,12.0,12.0,12.0,12.0,12.0,12.0,12.0,12.0,12.0,12.0,12.0,12.0,12.0,12.0,12.0,12.0,12.0,12.0,12.0,12.0,12.0,12.0,12.0,12.0,12.0,12.0,12.0,12.0,12.0,12.0,12.0,12.0,12.0,12.0,12.0,12.0,12.0,12.0,12.0,12.0,12.0,12.0,12.0,12.0,12.0,12.0,12.0,12.0,12.0,12.0,12.0,12.0,12.0,12.0,12.0,12.0,12.0,12.0,12.0,12.0,12.0,12.0,12.0,12.0,12.0,12.0,12.0,12.0,12.0,12.0,12.0,12.0,12.0,12.0,12.0,12.0,12.0,12.0,12.0,12.0,12.0,12.0,12.0,12.0,12.0,12.0,12.0,12.0,12.0,12.0,12.0,12.0,12.0,12.0,12.0,12.0,12.0,12.0,12.0,12.0,12.0,12.0,12.0,12.0,12.0,12.0,12.0,12.0,12.0,12.0,12.0,12.0,12.0,12.0,12.0,12.0,12.0,12.0,12.0,12.0,12.0,12.0,12.0,12.0,12.0,12.0,12.0,12.0,12.0,12.0,12.0,12.0,12.0,12.0,12.0,12.0,12.0,12.0,12.0,12.0,12.0,12.0,12.0,12.0,12.0,12.0,12.0,12.0,12.0,12.0,12.0,12.0,12.0,12.0,12.0,12.0,12.0,12.0,12.0,12.0,12.0,12.0,12.0,12.0,12.0,12.0,12.0,12.0,12.0
Performance,15.54624817833322,16.70795541720956,19.10056516855952,19.080819538278796,19.0904810307393,19.237238109959677,19.335042647576508,19.462663945380605,19.534567539720964,19.712981567418698,19.739079519844225,19.753568426330666,19.861150922281936,20.439189538197645,20.792444152179883,20.78863113924315,21.105059259581548,21.100561096182957,21.09460173488207,21.011212736955567,20.866136398011427,21.126216576555805,22.0,21.194772330682973,22.0,21.19785794267477,21.173178387085848,21.16711641778911,21.169461776309504,22.0,22.0,20.836917100430416,20.848121079483228,20.850918976174043,20.673814452505454,20.796473850063315,20.803684261959148,20.837366614283553,20.846645178076617,20.85899118912228,20.855868347592345,20.843028035023394,21.056141279224338,21.147926158177775,21.42091576572811,22.0,22.0,22.0,22.0,22.0,22.0,22.0,22.0,22.0,22.0,22.0,22.0,22.0,22.0,22.0,22.0,22.0,22.0,22.0,22.0,22.0,22.0,22.0,22.0,22.0,22.0,22.0,22.0,22.0,22.0,22.0,22.0,22.0,22.0,22.0,22.0,22.0,22.0,22.0,22.0,22.0,22.0,22.0,22.0,22.0,22.0,22.0,22.0,22.0,22.0,22.0,22.0,22.0,22.0,22.0,22.0,21.33205144844743,21.249481600915495,21.249481600915495,21.24810570077447,22.0,22.0,22.0,22.0,22.0,22.0,22.0,22.0,21.378946791527348,22.0,22.0,22.0,22.0,22.0,22.0,22.0,22.0,22.0,22.0,22.0,22.0,22.0,22.0,22.0,22.0,22.0,22.0,22.0,22.0,22.0,22.0,22.0,22.0,22.0,22.0,22.0,22.0,22.0,22.0,22.0,17.735166571574858,22.0,22.0,22.0,22.0,22.0,22.0,22.0,22.0,22.0,22.0,22.0,22.0,22.0,20.88129978257383,22.0,22.0,22.0,22.0,22.0,22.0,22.0,22.0,22.0,22.0,22.0,22.0,22.0,22.0,22.0,22.0,22.0,22.0,22.0,22.0,22.0,22.0,22.0,22.0,22.0,22.0,22.0,22.0,22.0,22.0,21.30073716835504,22.0,22.0,22.0,22.0,22.0,22.0,22.0,22.0,22.0,22.0,22.0,22.0,22.0,22.0,22.0,22.0,22.0,22.0,22.0,22.0,22.0,22.0,22.0,22.0,22.0,22.0,22.0,22.0,22.0,22.0,22.0,22.0,22.0,22.0,22.0,22.0,22.0,22.0,22.0,22.0,22.0,22.0,22.0,22.0,22.0,22.0,22.0,22.0,22.0,22.0,22.0,22.0,22.0,22.0,22.0,22.0,22.0,22.0,22.0,22.0,22.0,22.0,22.0,22.0,22.0,22.0,22.0,22.0,22.0,22.0,22.0,22.0,22.0,22.0,22.0,22.0,22.0,22.0,22.0,22.0,22.0,22.0,22.0,22.0,22.0,22.0,22.0,22.0,22.0,22.0,22.0,22.0,22.0,22.0,22.0,22.0,22.0,22.0,22.0,22.0,22.0,22.0,22.0,22.0,22.0,22.0,22.0,22.0,22.0,22.0,22.0,22.0,22.0,22.0,22.0,22.0,22.0,22.0,22.0,22.0,22.0,22.0,22.0,22.0,22.0,22.0,22.0,22.0,22.0,22.0,22.0,22.0,22.0,22.0,22.0,22.0,22.0,22.0,22.0,22.0,22.0,22.0,22.0,22.0,22.0,22.0,22.0,22.0,22.0,22.0,22.0,22.0,22.0,22.0,22.0,22.0,22.0,22.0,22.0,22.0,22.0,22.0,22.0,22.0,22.0,22.0,22.0,22.0,22.0,22.0,22.0,22.0,22.0,22.0,22.0,22.0,22.0,22.0,22.0,22.0,22.0,22.0,22.0,22.0,22.0,22.0,22.0,22.0,22.0,22.0,22.0,22.0,22.0,22.0,22.0,22.0,22.0,22.0,22.0,22.0,22.0,22.0,22.0,22.0,22.0,22.0,22.0,22.0,22.0,22.0,22.0,22.0,22.0,22.0,22.0,22.0,22.0,22.0,22.0,22.0,22.0,22.0,22.0,22.0,22.0,22.0,22.0,22.0,22.0,22.0,22.0,22.0,22.0,22.0,22.0,22.0,22.0,22.0,22.0,22.0,22.0,22.0,22.0,22.0,22.0,22.0,22.0,22.0,22.0,22.0,22.0,22.0,22.0,22.0,22.0,22.0,22.0,22.0,22.0,22.0,22.0,22.0,22.0,22.0,22.0,22.0,22.0,22.0,22.0,22.0,22.0,22.0,22.0,22.0,22.0,22.0,22.0,22.0,22.0,22.0,22.0,22.0,22.0,22.0,22.0,22.0,22.0,22.0,22.0,22.0,22.0,22.0,22.0,22.0,22.0,22.0,22.0,22.0,22.0,22.0,22.0,22.0,22.0,22.0,22.0,22.0,22.0,22.0,22.0
Performance,2.710009529664164,3.379157704002175,4.122956047183742,4.682801125195341,4.853568588812989,5.044586560580656,5.04421851402207,5.038864582101492,5.0546719493081484,5.129277915538904,9.0,9.0,9.0,9.0,9.0,9.0,9.0,9.0,9.0,9.0,9.0,9.0,9.0,9.0,9.0,9.0,9.0,9.0,9.0,9.0,9.0,9.0,9.0,9.0,9.0,9.0,9.0,9.0,9.0,9.0,9.0,9.0,9.0,9.0,9.0,9.0,9.0,9.0,9.0,9.0,9.0,9.0,9.0,9.0,9.0,9.0,9.0,9.0,9.0,9.0,9.0,9.0,9.0,9.0,9.0,9.0,9.0,9.0,9.0,9.0,9.0,9.0,9.0,9.0,9.0,9.0,9.0,9.0,9.0,9.0,9.0,9.0,9.0,9.0,9.0,9.0,9.0,9.0,9.0,9.0,9.0,9.0,9.0,9.0,9.0,9.0,9.0,9.0,9.0,9.0,9.0,9.0,9.0,9.0,9.0,9.0,9.0,9.0,9.0,9.0,9.0,9.0,9.0,9.0,9.0,9.0,9.0,9.0,9.0,9.0,9.0,9.0,9.0,9.0,9.0,9.0,9.0,9.0,9.0,9.0,9.0,9.0,9.0,9.0,9.0,9.0,9.0,8.985679458574163,9.0,9.0,9.0,9.0,9.0,9.0,9.0,9.0,9.0,9.0,9.0,9.0,9.0,9.0,9.0,9.0,9.0,9.0,9.0,9.0,9.0,9.0,9.0,9.0,9.0,9.0,9.0,9.0,9.0,9.0,9.0,9.0,9.0,9.0,9.0,9.0,9.0,9.0,9.0,9.0,9.0,9.0,9.0,9.0,9.0,9.0,9.0,9.0,9.0,9.0,9.0,9.0,9.0,9.0,9.0,9.0,9.0,9.0,9.0,9.0,9.0,9.0,9.0,9.0,9.0,9.0,9.0,9.0,9.0,9.0,9.0,9.0,9.0,9.0,9.0,9.0,9.0,9.0,9.0,9.0,9.0,9.0,9.0,9.0,9.0,9.0,9.0,9.0,9.0,9.0,9.0,9.0,9.0,9.0,9.0,9.0,9.0,9.0,9.0,9.0,9.0,9.0,9.0,9.0,9.0,9.0,9.0,9.0,9.0,9.0,9.0,9.0,9.0,9.0,9.0,9.0,9.0,9.0,9.0,9.0,9.0,9.0,9.0,9.0,9.0,9.0,9.0,9.0,9.0,9.0,9.0,9.0,9.0,9.0,9.0,9.0,9.0,9.0,9.0,9.0,9.0,9.0,9.0,9.0,9.0,9.0,9.0,9.0,9.0,9.0,9.0,9.0,9.0,9.0,9.0,9.0,9.0,9.0,9.0,9.0,9.0,9.0,9.0,9.0,9.0,9.0,9.0,9.0,9.0,9.0,9.0,9.0,9.0,9.0,9.0,9.0,9.0,9.0,9.0,9.0,9.0,9.0,9.0,9.0,9.0,9.0,9.0,9.0,9.0,9.0,9.0,9.0,9.0,9.0,9.0,9.0,9.0,9.0,9.0,9.0,9.0,9.0,9.0,9.0,9.0,9.0,9.0,9.0,9.0,9.0,9.0,9.0,9.0,9.0,9.0,9.0,9.0,9.0,9.0,9.0,9.0,9.0,9.0,9.0,9.0,9.0,9.0,9.0,9.0,9.0,9.0,9.0,9.0,9.0,9.0,9.0,9.0,9.0,9.0,9.0,9.0,9.0,9.0,9.0,9.0,9.0,9.0,9.0,9.0,9.0,9.0,9.0,9.0,9.0,9.0,9.0,9.0,9.0,9.0,9.0,9.0,9.0,9.0,9.0,9.0,9.0,9.0,9.0,9.0,9.0,9.0,9.0,9.0,9.0,9.0,9.0,9.0,9.0,9.0,9.0,9.0,9.0,9.0,9.0,9.0,9.0,9.0,9.0,9.0,9.0,9.0,9.0,9.0,9.0,9.0,9.0,9.0,9.0,9.0,9.0,9.0,9.0,9.0,9.0,9.0,9.0,9.0,9.0,9.0,9.0,9.0,9.0,9.0,9.0,9.0,9.0,9.0,9.0,9.0,9.0,9.0,9.0,9.0,9.0,9.0,9.0,9.0,9.0,9.0,9.0,9.0,9.0,9.0,9.0,9.0,9.0,9.0,9.0,9.0,9.0,9.0,9.0,9.0,9.0,9.0,9.0,9.0,9.0,9.0,9.0,9.0,9.0,9.0,9.0,9.0,9.0,9.0,9.0,9.0,9.0,9.0,9.0
